<?xml version="1.0" encoding="UTF-8"?>
<project-private xmlns="http://www.netbeans.org/ns/project-private/1">
    <editor-bookmarks xmlns="http://www.netbeans.org/ns/editor-bookmarks/2" lastBookmarkId="0"/>
    <open-files xmlns="http://www.netbeans.org/ns/projectui-open-files/2">
        <group>
            <file>file:/C:/Users/ASUS/Desktop/New%20folder%20(2)/JavaApplication6/src/Order/CustomerSignup.java</file>
            <file>file:/C:/Users/ASUS/Desktop/New%20folder%20(2)/JavaApplication6/src/Order/ProductDetails.java</file>
            <file>file:/C:/Users/ASUS/Desktop/New%20folder%20(2)/JavaApplication6/src/Order/login.java</file>
            <file>file:/C:/Users/ASUS/Desktop/New%20folder%20(2)/JavaApplication6/src/Order/customerorder.java</file>
            <file>file:/C:/Users/ASUS/Desktop/New%20folder%20(2)/JavaApplication6/src/Order/Dbconn.java</file>
        </group>
    </open-files>
</project-private>
